
Create table pilotak (
  id int not null auto_increment primary key,
  rajtszam int not null,
  vezeteknev varchar(30) not null,
  keresztnev varchar(30) not null,
  szuletesidatum date not null,
  rovidites varchar(3) not null unique,
  csapatnev varchar(30) not null
);

create table nagydijak (
  id int not null auto_increment primary key,
  nev varchar(100) not null,
  versenynap datetime not null,
  korokszama int not null
);


Create table eredmenyek (
  id int not null auto_increment primary key,
  pilotaid int not null,
  nagydijid int not null,
  rajtpozicio int not null,
  helyezes int not null,
  pontszam int not null,
  teljesitettkorok int,
  leggyorsabbkor varchar(15),
  constraint fk_futamok_pilotaid foreign key (pilotaid)
    references pilotak (id),
  constraint fk_futamok_nagydijid foreign key (nagydijid)
    references nagydijak (id)
);

insert into pilotak (id, rajtszam, vezeteknev, keresztnev, szuletesidatum, rovidites, csapatnev)
values (1, 23, 'Albon', 'Alexander', '1996-03-23', 'ALB', 'Red Bull & Toro Rosso'),
       (2, 77, 'Bottas', 'Valtteri', '1989-08-28', 'BOT', 'Mercedes'),
       (3, 10, 'Gasly', 'Pierre', '1996-02-07', 'GAS', 'Red Bull & Toro Rosso'),
       (4, 99, 'Giovinazzi', 'Antonio', '1993-12-14', 'GIO', 'Alfa Romeo'),
       (5, 8, 'Grosjean', 'Romain', '1986-04-17', 'GRO', 'Haas F1 Team'),
       (6, 44, 'Hamilton', 'Lewis', '1985-01-07', 'HAM', 'Mercedes'),
       (7, 27, 'Hülkenberg', 'Nico', '1987-08-19', 'HUL', 'Renault'),
       (8, 88, 'Kubica', 'Robert', '1984-12-07', 'KUB', 'Williams'),
       (9, 26, 'Kvyat', 'Daniil', '1994-04-26', 'KVY', 'Toro Rosso'),
       (10, 16, 'Leclerc', 'Charles', '1997-10-16', 'LEC', 'Ferrari'),
       (11, 20, 'Magnussen', 'Kevin', '1992-10-05', 'MAG', 'Haas F1 Team'),
       (12, 4, 'Norris', 'Lando', '1999-11-13', 'NOR', 'McLaren'),
       (13, 11, 'Pérez', 'Sergio', '1990-01-26', 'PER', 'Racing Point'),
       (14, 7, 'Räikkönen', 'Kimi', '1979-10-17', 'RAI', 'Alfa Romeo'),
       (15, 3, 'Ricciardo', 'Daniel', '1989-07-01', 'RIC', 'Renault'),
       (16, 63, 'Russell', 'George', '1998-02-15', 'RUS', 'Williams'),
       (17, 55, 'Sainz', 'Carlos', '1994-09-01', 'SAI', 'McLaren'),
       (18, 18, 'Stroll', 'Lance', '1998-10-29', 'STR', 'Racing Point'),
       (19, 33, 'Verstappen', 'Max', '1997-09-30', 'VER', 'Red Bull'),
       (20, 5, 'Vettel', 'Sebastian', '1987-07-03', 'VET', 'Ferrari');

insert into nagydijak (id, nev, versenynap, korokszama)
values (1, 'Australian Grand Prix', '2019-03-17', 58),
       (2, 'Bahrain Grand Prix', '2019-03-31', 57),
       (3, 'Chinese Grand Prix', '2019-04-14', 56),
       (4, 'Azerbaijan Grand Prix', '2019-04-28', 51),
       (5, 'Spanish Grand Prix', '2019-05-12', 66),
       (6, 'Monaco Grand Prix', '2019-05-26', 78),
       (7, 'Canadian Grand Prix', '2019-06-09', 70),
       (8, 'French Grand Prix', '2019-06-23', 53),
       (9, 'Austrian Grand Prix', '2019-06-30', 71),
       (10, 'British Grand Prix', '2019-07-14', 52),
       (11, 'German Grand Prix', '2019-07-28', 64),
       (12, 'Hungarian Grand Prix', '2019-08-04', 71),
       (13, 'Belgian Grand Prix', '2019-09-01', 44),
       (14, 'Italian Grand Prix', '2019-09-08', 53),
       (15, 'Singapore Grand Prix', '2019-09-22', 61),
       (16, 'Russian Grand Prix', '2019-09-29', 53),
       (17, 'Japanese Grand Prix', '2019-10-13', 52),
       (18, 'Mexican Grand Prix', '2019-10-27', 71),
       (19, 'United States Grand Prix', '2019-11-03', 56),
       (20, 'Brazilian Grand Prix', '2019-11-17', 71),
       (21, 'Abu Dhabi Grand Prix', '2019-12-01', 55);

insert into eredmenyek(pilotaid, nagydijid, rajtpozicio, helyezes, pontszam, teljesitettkorok, leggyorsabbkor)
values (2, 1, 2, 1, 26, 58, '1:25.580'),
       (6, 1, 1, 2, 18, 58, '1:26.057'),
       (19, 1, 4, 3, 15, 58, '1:26.256'),
       (20, 1, 3, 8, 12, 58, '1:27.954'),
       (10, 1, 5, 4, 10, 58, '1:26.926'),
       (11, 1, 7, 9, 8, 58, '1:28.182'),
       (7, 1, 11, 12, 6, 57, '1:28.444'),
       (14, 1, 9, 11, 4, 57, '1:28.270'),
       (18, 1, 16, 7, 2, 57, '1:27.568'),
       (9, 1, 15, 6, 1, 57, '1:27.448'),
       (3, 1, 17, 5, 0, 57, '1:27.229'),
       (12, 1, 8, 16, 0, 57, '1:28.555'),
       (13, 1, 10, 15, 0, 57, '1:28.485'),
       (1, 1, 13, 10, 0, 57, '1:28.188'),
       (4, 1, 14, 14, 0, 57, '1:28.479'),
       (16, 1, 19, 17, 0, 56, '1:28.713'),
       (8, 1, 20, 18, 0, 55, '1:29.284'),
       (5, 1, 6, 13, 0, 29, '1:28.462'),
       (15, 1, 12, 19, 0, 28, '1:29.848'),
       (17, 1, 18, 20, 0, 9, '1:30.899'),
       (6, 2, 3, 2, 25, 57, '1:33.528'),
       (2, 2, 4, 3, 18, 57, '1:34.209'),
       (10, 2, 1, 1, 16, 57, '1:33.411'),
       (19, 2, 5, 9, 12, 57, '1:35.311'),
       (20, 2, 2, 4, 10, 57, '1:34.895'),
       (12, 2, 9, 12, 8, 57, '1:35.777'),
       (14, 2, 8, 11, 6, 57, '1:35.589'),
       (3, 2, 13, 8, 4, 57, '1:35.291'),
       (1, 2, 12, 16, 2, 57, '1:36.752'),
       (13, 2, 14, 14, 1, 57, '1:36.330'),
       (4, 2, 16, 7, 0, 57, '1:35.237'),
       (9, 2, 15, 5, 0, 56, '1:34.934'),
       (11, 2, 6, 13, 0, 56, '1:35.892'),
       (18, 2, 18, 17, 0, 56, '1:37.037'),
       (16, 2, 19, 19, 0, 56, '1:37.313'),
       (8, 2, 20, 20, 0, 55, '1:37.903'),
       (7, 2, 17, 6, 0, 53, '1:35.215'),
       (15, 2, 10, 15, 0, 53, '1:36.697'),
       (17, 2, 7, 10, 0, 53, '1:35.586'),
       (5, 2, 11, 18, 0, 16, '1:37.262'),
       (6, 3, 2, 5, 25, 56, '1:35.892'),
       (2, 3, 1, 4, 18, 56, '1:34.872'),
       (20, 3, 3, 2, 15, 56, '1:34.836'),
       (19, 3, 5, 6, 12, 56, '1:36.143'),
       (10, 3, 4, 3, 10, 56, '1:34.860'),
       (3, 3, 6, 1, 9, 56, '1:34.742'),
       (15, 3, 7, 16, 6, 55, '1:38.632'),
       (13, 3, 12, 17, 4, 55, '1:38.702'),
       (14, 3, 13, 12, 2, 55, '1:37.812'),
       (1, 3, 0, 18, 1, 55, '1:38.901'),
       (5, 3, 10, 8, 0, 55, '1:36.873'),
       (18, 3, 16, 7, 0, 55, '1:36.678'),
       (11, 3, 9, 10, 0, 55, '1:37.471'),
       (17, 3, 14, 11, 0, 55, '1:37.502'),
       (4, 3, 19, 14, 0, 55, '1:38.048'),
       (16, 3, 17, 9, 0, 54, '1:37.283'),
       (8, 3, 18, 20, 0, 54, '1:39.772'),
       (12, 3, 15, 15, 0, 50, '1:38.346'),
       (9, 3, 11, 13, 0, 41, '1:37.975'),
       (7, 3, 8, 19, 0, 16, '1:39.677'),
       (2, 4, 1, 2, 25, 51, '1:44.024'),
       (6, 4, 2, 3, 18, 51, '1:44.166'),
       (20, 4, 3, 4, 15, 51, '1:44.629'),
       (19, 4, 4, 5, 12, 51, '1:44.794'),
       (10, 4, 8, 1, 11, 51, '1:43.009'),
       (13, 4, 5, 7, 8, 51, '1:45.524'),
       (17, 4, 9, 10, 6, 51, '1:45.807'),
       (12, 4, 7, 6, 4, 51, '1:45.394'),
       (18, 4, 13, 12, 2, 51, '1:46.009'),
       (14, 4, 0, 13, 1, 50, '1:46.479'),
       (1, 4, 11, 9, 0, 50, '1:45.754'),
       (4, 4, 17, 11, 0, 50, '1:45.969'),
       (11, 4, 12, 14, 0, 50, '1:46.682'),
       (7, 4, 15, 17, 0, 50, '1:47.407'),
       (16, 4, 16, 16, 0, 49, '1:47.251'),
       (8, 4, 0, 19, 0, 49, '1:47.709'),
       (3, 4, 0, 8, 0, 38, '1:45.712'),
       (5, 4, 14, 20, 0, 38, '1:48.517'),
       (9, 4, 6, 18, 0, 33, '1:47.681'),
       (15, 4, 10, 15, 0, 31, '1:46.767'),
       (6, 5, 2, 1, 26, 66, '1:18.492'),
       (2, 5, 1, 2, 18, 66, '1:18.737'),
       (19, 5, 4, 3, 15, 66, '1:19.769'),
       (20, 5, 3, 4, 12, 66, '1:19.820'),
       (10, 5, 5, 5, 10, 66, '1:20.002'),
       (3, 5, 6, 6, 8, 66, '1:20.536'),
       (11, 5, 8, 9, 6, 66, '1:20.770'),
       (17, 5, 12, 10, 4, 66, '1:20.859'),
       (9, 5, 9, 8, 2, 66, '1:20.726'),
       (5, 5, 7, 12, 1, 66, '1:21.057'),
       (1, 5, 11, 11, 0, 66, '1:21.028'),
       (15, 5, 13, 7, 0, 66, '1:20.615'),
       (7, 5, 0, 13, 0, 66, '1:21.282'),
       (14, 5, 14, 14, 0, 66, '1:21.382'),
       (13, 5, 15, 16, 0, 66, '1:21.859'),
       (4, 5, 18, 15, 0, 66, '1:21.833'),
       (16, 5, 19, 17, 0, 65, '1:22.382'),
       (8, 5, 17, 19, 0, 65, '1:23.202'),
       (18, 5, 16, 20, 0, 44, '1:23.226'),
       (12, 5, 10, 18, 0, 44, '1:22.561'),
       (6, 6, 1, 6, 25, 78, '1:16.167'),
       (20, 6, 4, 9, 18, 78, '1:16.277'),
       (2, 6, 2, 2, 15, 78, '1:15.163'),
       (19, 6, 3, 7, 12, 78, '1:16.229'),
       (3, 6, 8, 1, 11, 78, '1:14.279'),
       (17, 6, 9, 5, 8, 78, '1:15.891'),
       (9, 6, 7, 10, 6, 78, '1:16.288'),
       (1, 6, 10, 3, 4, 78, '1:15.607'),
       (15, 6, 6, 4, 2, 78, '1:15.697'),
       (5, 6, 13, 16, 1, 78, '1:16.746'),
       (12, 6, 12, 13, 0, 78, '1:16.413'),
       (11, 6, 5, 17, 0, 77, '1:16.992'),
       (13, 6, 16, 15, 0, 77, '1:16.613'),
       (7, 6, 11, 8, 0, 77, '1:16.276'),
       (16, 6, 19, 18, 0, 77, '1:17.038'),
       (18, 6, 17, 12, 0, 77, '1:16.379'),
       (14, 6, 14, 14, 0, 77, '1:16.436'),
       (8, 6, 20, 19, 0, 77, '1:17.388'),
       (4, 6, 18, 11, 0, 76, '1:16.299'),
       (10, 6, 15, 20, 0, 16, '1:19.151'),
       (6, 7, 2, 4, 25, 70, '1:14.813'),
       (20, 7, 1, 5, 18, 70, '1:14.875'),
       (10, 7, 3, 2, 15, 70, '1:14.356'),
       (2, 7, 6, 1, 13, 70, '1:13.078'),
       (19, 7, 9, 3, 10, 70, '1:14.767'),
       (15, 7, 4, 9, 8, 69, '1:16.075'),
       (7, 7, 7, 7, 6, 69, '1:15.995'),
       (3, 7, 5, 10, 4, 69, '1:16.157'),
       (18, 7, 17, 8, 2, 69, '1:16.043'),
       (9, 7, 10, 11, 1, 69, '1:16.198'),
       (17, 7, 11, 15, 0, 69, '1:16.471'),
       (13, 7, 15, 13, 0, 69, '1:16.314'),
       (4, 7, 12, 14, 0, 69, '1:16.365'),
       (5, 7, 14, 12, 0, 69, '1:16.245'),
       (14, 7, 16, 6, 0, 69, '1:15.442'),
       (16, 7, 18, 17, 0, 68, '1:17.241'),
       (11, 7, 0, 19, 0, 68, '1:17.309'),
       (8, 7, 19, 18, 0, 67, '1:17.285'),
       (1, 7, 13, 16, 0, 59, '1:17.151'),
       (12, 7, 8, 20, 0, 8, '1:18.023'),
       (6, 8, 1, 2, 25, 53, '1:32.764'),
       (2, 8, 2, 3, 18, 53, '1:33.586'),
       (10, 8, 3, 4, 15, 53, '1:33.828'),
       (19, 8, 4, 5, 12, 53, '1:34.162'),
       (20, 8, 7, 1, 11, 53, '1:32.740'),
       (17, 8, 6, 6, 8, 53, '1:34.561'),
       (14, 8, 12, 8, 6, 52, '1:34.873'),
       (7, 8, 13, 10, 4, 52, '1:34.950'),
       (12, 8, 5, 7, 2, 52, '1:34.754'),
       (3, 8, 9, 15, 1, 52, '1:35.197'),
       (15, 8, 8, 14, 0, 52, '1:35.150'),
       (13, 8, 14, 11, 0, 52, '1:35.014'),
       (18, 8, 17, 9, 0, 52, '1:34.924'),
       (9, 8, 19, 16, 0, 52, '1:35.225'),
       (1, 8, 11, 12, 0, 52, '1:35.029'),
       (4, 8, 10, 13, 0, 52, '1:35.115'),
       (11, 8, 15, 18, 0, 52, '1:35.692'),
       (8, 8, 18, 20, 0, 51, '1:36.608'),
       (16, 8, 20, 19, 0, 51, '1:35.830'),
       (5, 8, 16, 17, 0, 44, '1:35.691'),
       (19, 9, 2, 1, 26, 71, '1:07.475'),
       (10, 9, 1, 3, 18, 71, '1:07.994'),
       (2, 9, 3, 7, 15, 71, '1:08.565'),
       (20, 9, 9, 2, 12, 71, '1:07.676'),
       (6, 9, 4, 5, 10, 71, '1:08.050'),
       (12, 9, 5, 8, 8, 70, '1:08.699'),
       (3, 9, 8, 9, 6, 70, '1:08.790'),
       (17, 9, 19, 6, 4, 70, '1:08.117'),
       (14, 9, 6, 15, 2, 70, '1:09.126'),
       (4, 9, 7, 13, 1, 70, '1:09.051'),
       (13, 9, 13, 14, 0, 70, '1:09.061'),
       (15, 9, 12, 4, 0, 70, '1:08.019'),
       (7, 9, 15, 16, 0, 70, '1:09.248'),
       (18, 9, 14, 17, 0, 70, '1:09.288'),
       (1, 9, 18, 11, 0, 70, '1:08.946'),
       (5, 9, 11, 12, 0, 70, '1:08.987'),
       (9, 9, 16, 18, 0, 70, '1:09.498'),
       (16, 9, 0, 19, 0, 69, '1:09.926'),
       (11, 9, 10, 10, 0, 69, '1:08.903'),
       (8, 9, 17, 20, 0, 68, '1:10.964'),
       (6, 10, 2, 1, 26, 52, '1:27.369'),
       (2, 10, 1, 2, 18, 52, '1:27.406'),
       (10, 10, 3, 5, 15, 52, '1:29.313'),
       (3, 10, 5, 8, 12, 52, '1:29.544'),
       (19, 10, 4, 4, 10, 52, '1:29.272'),
       (17, 10, 13, 11, 8, 52, '1:29.757'),
       (15, 10, 7, 9, 6, 52, '1:29.624'),
       (14, 10, 12, 14, 4, 52, '1:30.034'),
       (9, 10, 17, 12, 2, 52, '1:29.910'),
       (7, 10, 10, 13, 1, 52, '1:29.949'),
       (12, 10, 8, 10, 0, 52, '1:29.636'),
       (1, 10, 9, 15, 0, 52, '1:30.872'),
       (18, 10, 18, 6, 0, 52, '1:29.390'),
       (16, 10, 19, 16, 0, 51, '1:31.013'),
       (8, 10, 20, 17, 0, 51, '1:31.509'),
       (20, 10, 6, 3, 0, 51, '1:28.733'),
       (13, 10, 15, 7, 0, 51, '1:29.456'),
       (4, 10, 11, 18, 0, 18, '1:32.464'),
       (5, 10, 14, 20, 0, 9, '1:34.350'),
       (11, 10, 16, 19, 0, 6, '1:33.425'),
       (19, 11, 2, 1, 26, 64, '1:16.645'),
       (20, 11, 20, 2, 18, 64, '1:16.794'),
       (9, 11, 14, 6, 15, 64, '1:17.708'),
       (18, 11, 15, 8, 12, 64, '1:17.831'),
       (17, 11, 7, 9, 10, 64, '1:17.841'),
       (1, 11, 16, 10, 8, 64, '1:17.850'),
       (5, 11, 6, 7, 6, 64, '1:17.746'),
       (11, 11, 12, 5, 4, 64, '1:17.507'),
       (6, 11, 1, 12, 2, 64, '1:18.811'),
       (8, 11, 18, 13, 1, 64, '1:19.062'),
       (16, 11, 17, 3, 0, 64, '1:17.485'),
       (14, 11, 5, 15, 0, 64, '1:19.563'),
       (4, 11, 11, 14, 0, 64, '1:19.300'),
       (3, 11, 4, 4, 0, 61, '1:17.495'),
       (2, 11, 3, 11, 0, 56, '1:18.272'),
       (7, 11, 9, 17, 0, 39, '1:29.576'),
       (10, 11, 10, 16, 0, 27, '1:27.697'),
       (12, 11, 19, 18, 0, 25, '1:31.081'),
       (15, 11, 13, 19, 0, 13, '1:32.654'),
       (13, 11, 8, 0, 0, 1, null),
       (6, 12, 3, 2, 25, 70, '1:18.528'),
       (19, 12, 1, 1, 19, 70, '1:17.103'),
       (20, 12, 5, 4, 15, 70, '1:19.786'),
       (10, 12, 4, 5, 12, 70, '1:20.493'),
       (17, 12, 8, 10, 10, 69, '1:21.002'),
       (3, 12, 6, 12, 8, 69, '1:21.045'),
       (14, 12, 10, 9, 6, 69, '1:20.880'),
       (2, 12, 2, 3, 4, 69, '1:19.331'),
       (12, 12, 7, 13, 2, 69, '1:21.188'),
       (1, 12, 12, 7, 1, 69, '1:20.621'),
       (13, 12, 16, 15, 0, 69, '1:21.734'),
       (7, 12, 11, 14, 0, 69, '1:21.650'),
       (11, 12, 14, 11, 0, 69, '1:21.008'),
       (15, 12, 20, 8, 0, 69, '1:20.839'),
       (9, 12, 13, 16, 0, 68, '1:21.932'),
       (16, 12, 15, 17, 0, 68, '1:22.386'),
       (18, 12, 18, 6, 0, 68, '1:20.603'),
       (4, 12, 17, 19, 0, 68, '1:23.134'),
       (8, 12, 19, 20, 0, 67, '1:23.436'),
       (5, 12, 9, 18, 0, 49, '1:22.809'),
       (10, 13, 1, 4, 25, 44, '1:46.664'),
       (6, 13, 3, 3, 18, 44, '1:46.580'),
       (2, 13, 4, 2, 15, 44, '1:46.465'),
       (20, 13, 2, 1, 13, 44, '1:46.409'),
       (1, 13, 17, 5, 10, 44, '1:47.507'),
       (13, 13, 7, 13, 8, 44, '1:48.781'),
       (9, 13, 19, 7, 6, 44, '1:48.143'),
       (7, 13, 12, 9, 4, 44, '1:48.349'),
       (3, 13, 13, 17, 2, 44, '1:49.700'),
       (18, 13, 16, 10, 1, 44, '1:48.357'),
       (12, 13, 11, 8, 0, 43, '1:48.321'),
       (11, 13, 8, 11, 0, 43, '1:48.677'),
       (5, 13, 9, 16, 0, 43, '1:49.274'),
       (15, 13, 10, 18, 0, 43, '1:50.451'),
       (16, 13, 14, 14, 0, 43, '1:48.860'),
       (14, 13, 6, 12, 0, 43, '1:48.753'),
       (8, 13, 0, 15, 0, 43, '1:49.220'),
       (4, 13, 18, 6, 0, 42, '1:47.560'),
       (17, 13, 15, 0, 0, 1, null),
       (19, 13, 5, 0, 0, 0, null),
       (10, 14, 1, 4, 25, 53, '1:23.009'),
       (2, 14, 3, 3, 18, 53, '1:22.859'),
       (6, 14, 2, 1, 16, 53, '1:21.779'),
       (15, 14, 5, 7, 12, 53, '1:23.466'),
       (7, 14, 6, 8, 10, 53, '1:23.641'),
       (1, 14, 8, 6, 8, 53, '1:23.364'),
       (13, 14, 18, 9, 6, 53, '1:23.770'),
       (19, 14, 19, 5, 4, 53, '1:23.143'),
       (4, 14, 10, 15, 2, 52, '1:24.503'),
       (12, 14, 16, 11, 1, 52, '1:24.044'),
       (3, 14, 17, 10, 0, 52, '1:23.885'),
       (18, 14, 9, 12, 0, 52, '1:24.165'),
       (20, 14, 4, 2, 0, 52, '1:22.799'),
       (16, 14, 14, 16, 0, 52, '1:24.842'),
       (14, 14, 0, 13, 0, 52, '1:24.419'),
       (5, 14, 13, 17, 0, 52, '1:24.985'),
       (8, 14, 15, 18, 0, 51, '1:24.989'),
       (11, 14, 11, 14, 0, 43, '1:24.443'),
       (9, 14, 12, 20, 0, 29, '1:25.772'),
       (17, 14, 7, 19, 0, 27, '1:25.637'),
       (20, 15, 3, 5, 25, 61, '1:44.802'),
       (10, 15, 1, 4, 18, 61, '1:44.723'),
       (19, 15, 4, 8, 15, 61, '1:45.176'),
       (6, 15, 2, 7, 12, 61, '1:44.914'),
       (2, 15, 5, 2, 10, 61, '1:43.534'),
       (1, 15, 6, 9, 8, 61, '1:45.260'),
       (12, 15, 9, 11, 6, 61, '1:45.716'),
       (3, 15, 11, 13, 4, 61, '1:45.769'),
       (7, 15, 8, 12, 2, 61, '1:45.765'),
       (4, 15, 10, 10, 1, 61, '1:45.630'),
       (5, 15, 17, 16, 0, 61, '1:46.274'),
       (17, 15, 7, 15, 0, 61, '1:45.969'),
       (18, 15, 16, 6, 0, 61, '1:44.896'),
       (15, 15, 20, 14, 0, 61, '1:45.915'),
       (9, 15, 14, 3, 0, 61, '1:44.371'),
       (8, 15, 19, 18, 0, 61, '1:46.793'),
       (11, 15, 13, 1, 0, 61, '1:42.301'),
       (14, 15, 12, 19, 0, 49, '1:47.062'),
       (13, 15, 15, 17, 0, 42, '1:46.683'),
       (16, 15, 18, 20, 0, 34, '1:48.285'),
       (6, 16, 2, 1, 26, 53, '1:35.761'),
       (2, 16, 4, 3, 18, 53, '1:36.316'),
       (10, 16, 1, 2, 15, 53, '1:36.193'),
       (19, 16, 9, 5, 12, 53, '1:36.937'),
       (1, 16, 0, 4, 10, 53, '1:36.762'),
       (17, 16, 5, 6, 8, 53, '1:38.020'),
       (13, 16, 11, 7, 6, 53, '1:38.043'),
       (12, 16, 7, 11, 4, 53, '1:38.301'),
       (11, 16, 13, 8, 2, 53, '1:38.130'),
       (7, 16, 6, 12, 1, 53, '1:38.519'),
       (18, 16, 14, 15, 0, 53, '1:38.611'),
       (9, 16, 19, 9, 0, 53, '1:38.228'),
       (14, 16, 15, 13, 0, 53, '1:38.589'),
       (3, 16, 16, 14, 0, 53, '1:38.606'),
       (4, 16, 12, 16, 0, 53, '1:38.696'),
       (8, 16, 18, 19, 0, 28, '1:42.327'),
       (16, 16, 17, 18, 0, 27, '1:41.705'),
       (20, 16, 3, 10, 0, 26, '1:38.245'),
       (15, 16, 10, 17, 0, 24, '1:41.284'),
       (5, 16, 8, 0, 0, 0, null),
       (2, 17, 3, 4, 25, 52, '1:31.862'),
       (20, 17, 1, 5, 18, 52, '1:32.122'),
       (6, 17, 4, 1, 16, 52, '1:30.983'),
       (1, 17, 6, 8, 12, 52, '1:32.775'),
       (17, 17, 7, 12, 10, 52, '1:33.563'),
       (10, 17, 2, 11, 8, 51, '1:33.481'),
       (3, 17, 9, 2, 6, 51, '1:31.611'),
       (13, 17, 17, 17, 4, 51, '1:35.321'),
       (18, 17, 12, 7, 2, 51, '1:32.621'),
       (9, 17, 14, 15, 1, 51, '1:34.921'),
       (12, 17, 8, 14, 0, 51, '1:34.713'),
       (14, 17, 13, 10, 0, 51, '1:33.239'),
       (5, 17, 10, 13, 0, 51, '1:34.116'),
       (4, 17, 11, 9, 0, 51, '1:33.190'),
       (11, 17, 19, 16, 0, 51, '1:34.988'),
       (16, 17, 18, 6, 0, 50, '1:32.369'),
       (8, 17, 0, 3, 0, 50, '1:31.732'),
       (19, 17, 5, 18, 0, 14, '1:35.458'),
       (15, 17, 16, 19, 0, 51, '1:36.332'),
       (7, 17, 15, 20, 0, 51, '1:37.249'),
       (6, 18, 3, 4, 25, 71, '1:19.461'),
       (20, 18, 2, 3, 18, 71, '1:19.381'),
       (2, 18, 6, 5, 15, 71, '1:19.494'),
       (10, 18, 1, 1, 13, 71, '1:19.232'),
       (1, 18, 5, 2, 10, 71, '1:19.325'),
       (19, 18, 4, 11, 8, 71, '1:20.406'),
       (13, 18, 11, 12, 6, 71, '1:20.485'),
       (15, 18, 13, 9, 4, 71, '1:20.146'),
       (3, 18, 10, 6, 2, 70, '1:19.530'),
       (7, 18, 12, 14, 1, 70, '1:20.791'),
       (9, 18, 9, 7, 0, 70, '1:19.905'),
       (18, 18, 16, 15, 0, 70, '1:20.922'),
       (17, 18, 7, 10, 0, 70, '1:20.311'),
       (4, 18, 15, 16, 0, 70, '1:21.014'),
       (11, 18, 17, 20, 0, 69, '1:21.682'),
       (16, 18, 19, 17, 0, 69, '1:21.286'),
       (5, 18, 18, 18, 0, 69, '1:21.581'),
       (8, 18, 20, 13, 0, 69, '1:20.696'),
       (14, 18, 14, 8, 0, 58, '1:20.082'),
       (12, 18, 8, 19, 0, 48, '1:21.643'),
       (2, 19, 1, 2, 25, 56, '1:36.957'),
       (6, 19, 5, 7, 18, 56, '1:38.446'),
       (19, 19, 3, 5, 15, 56, '1:38.214'),
       (10, 19, 4, 1, 13, 56, '1:36.169'),
       (1, 19, 6, 3, 10, 56, '1:38.029'),
       (15, 19, 9, 14, 8, 56, '1:40.564'),
       (12, 19, 8, 4, 6, 56, '1:38.074'),
       (17, 19, 7, 15, 4, 55, '1:40.844'),
       (7, 19, 11, 6, 2, 55, '1:38.437'),
       (13, 19, 0, 11, 1, 55, '1:40.165'),
       (14, 19, 17, 9, 0, 55, '1:39.608'),
       (9, 19, 13, 8, 0, 55, '1:38.969'),
       (18, 19, 14, 13, 0, 55, '1:40.380'),
       (4, 19, 16, 10, 0, 55, '1:39.964'),
       (5, 19, 15, 18, 0, 55, '1:41.270'),
       (3, 19, 10, 16, 0, 54, '1:40.850'),
       (16, 19, 18, 17, 0, 54, '1:41.239'),
       (11, 19, 12, 12, 0, 52, '1:40.347'),
       (8, 19, 19, 20, 0, 31, '1:43.830'),
       (20, 19, 2, 19, 0, 7, '1:42.165'),
       (19, 20, 1, 2, 25, 71, '1:10.862'),
       (3, 20, 6, 9, 18, 71, '1:12.425'),
       (17, 20, 20, 16, 15, 71, '1:13.158'),
       (14, 20, 8, 15, 12, 71, '1:13.135'),
       (4, 20, 12, 14, 10, 71, '1:13.020'),
       (15, 20, 11, 11, 8, 71, '1:12.733'),
       (6, 20, 3, 3, 6, 71, '1:11.082'),
       (12, 20, 10, 7, 4, 71, '1:12.328'),
       (13, 20, 15, 12, 2, 71, '1:12.840'),
       (9, 20, 16, 8, 1, 71, '1:12.385'),
       (11, 20, 9, 17, 0, 71, '1:13.262'),
       (16, 20, 18, 19, 0, 71, '1:13.752'),
       (5, 20, 7, 18, 0, 71, '1:13.619'),
       (1, 20, 5, 4, 0, 71, '1:11.087'),
       (7, 20, 13, 13, 0, 71, '1:12.934'),
       (8, 20, 19, 20, 0, 70, '1:14.553'),
       (20, 20, 2, 5, 0, 65, '1:11.384'),
       (10, 20, 14, 6, 0, 65, '1:11.423'),
       (18, 20, 17, 10, 0, 65, '1:12.603'),
       (2, 20, 4, 1, 0, 51, '1:10.698'),
       (6, 21, 1, 1, 26, 55, '1:39.283'),
       (19, 21, 2, 5, 18, 55, '1:41.119'),
       (10, 21, 3, 4, 15, 55, '1:40.442'),
       (2, 21, 20, 2, 12, 55, '1:39.715'),
       (20, 21, 4, 3, 10, 55, '1:40.128'),
       (1, 21, 5, 8, 8, 55, '1:42.219'),
       (13, 21, 10, 11, 6, 54, '1:42.639'),
       (12, 21, 6, 12, 4, 54, '1:43.026'),
       (9, 21, 13, 9, 2, 54, '1:42.222'),
       (17, 21, 8, 7, 1, 54, '1:41.294'),
       (15, 21, 7, 6, 0, 54, '1:41.190'),
       (7, 21, 9, 16, 0, 54, '1:43.274'),
       (14, 21, 17, 14, 0, 54, '1:43.142'),
       (11, 21, 14, 19, 0, 54, '1:43.790'),
       (5, 21, 15, 18, 0, 54, '1:43.666'),
       (4, 21, 16, 15, 0, 54, '1:43.256'),
       (16, 21, 18, 13, 0, 54, '1:43.074'),
       (3, 21, 11, 10, 0, 53, '1:42.414'),
       (8, 21, 19, 20, 0, 53, '1:44.500'),
       (18, 21, 12, 17, 0, 45, '1:43.326');
